first_name,last_name,password
Roy,Gordon,ytIhZAQHeSh
Craig,Marshall,QmsFco0i
Robin,Gonzalez,BAX2vyL
Michael,Daniels,4zPhZnkMcj
Stephen,Smith,jt1xV1
Rebecca,Matthews,xOpunQLJgvHx
Roger,Torres,HzmTef
Chris,Bryant,T4wy0PKcSa
Eric,Gilbert,pUt4mv4QI5
Evelyn,Spencer,GZmqoho
Eric,Dixon,OM3FSAEirQ6w
Mildred,Jordan,8hFjRrua
Joseph,Fuller,BtzxgTOAUFKm
Louis,Mills,WU8YfpVeay
Jessica,Little,G38KvucdC0Ms
Karen,Campbell,GToeBTiGGJ
Ashley,Young,oX1yBHVSFF
Irene,Reed,rj1qfrcCeH
Kenneth,Dunn,5cUnpB
Victor,White,rXkGCAH4Ht
Denise,Murray,cOWqxY7cNimC
Shawn,Alvarez,pSyeJiftZ
Doris,Richards,dn4Sbs
Ann,Barnes,WL17IVon3
Philip,Hunter,pH2IgWKx1
Nancy,Ward,TC3wUeb7FLu
Ryan,Griffin,GAYc1otr7fs
Lillian,Wilson,1FIQIefMBtT
Adam,Cunningham,Nv55djQSh4bi
Mark,Stone,13n4vGB
Anne,Dunn,CgpMTDL92QC
Brenda,Stephens,ct1ozgxo
Jeremy,Russell,VB3CJl3L
Kenneth,Hanson,RhJHlQ
Justin,Price,BbbNEuvj
Maria,Evans,lcZXQAvuhxc
Victor,Mccoy,dDZqG9
Karen,Miller,7EFKhtPQ
Sandra,Peters,pc0qDB1lwGfX
Bobby,Lewis,c22r1MYy4
Christine,Baker,14EI0ziVDZ
Eugene,Gomez,TW7V97yzi
Samuel,Cox,0rusvhkPhl
Edward,Sanchez,gSmTClYV
Nicholas,Allen,kOjoSQY6yo
Timothy,Simpson,PsU6Wgq0TfX4
Brian,Long,EuQw0fBV7
Shirley,Stevens,UDCdBEYz
Kelly,Alexander,ogVpjMTu2
Carolyn,Fernandez,nuIrVOuE9